{
  "top1_acc": 0.7804232804232805,
  "macro_f1": 0.7811394583690094,
  "weighted_f1": 0.7811394583690093,
  "per_class": {
    "calling": {
      "precision": 0.6737588652482269,
      "recall": 0.753968253968254,
      "f1-score": 0.7116104868913857,
      "support": 126.0
    },
    "clapping": {
      "precision": 0.7964601769911505,
      "recall": 0.7142857142857143,
      "f1-score": 0.7531380753138075,
      "support": 126.0
    },
    "cycling": {
      "precision": 0.9612403100775194,
      "recall": 0.9841269841269841,
      "f1-score": 0.9725490196078431,
      "support": 126.0
    },
    "dancing": {
      "precision": 0.7846153846153846,
      "recall": 0.8095238095238095,
      "f1-score": 0.796875,
      "support": 126.0
    },
    "drinking": {
      "precision": 0.8055555555555556,
      "recall": 0.6904761904761905,
      "f1-score": 0.7435897435897436,
      "support": 126.0
    },
    "eating": {
      "precision": 0.9173553719008265,
      "recall": 0.8809523809523809,
      "f1-score": 0.8987854251012146,
      "support": 126.0
    },
    "fighting": {
      "precision": 0.808,
      "recall": 0.8015873015873016,
      "f1-score": 0.8047808764940239,
      "support": 126.0
    },
    "hugging": {
      "precision": 0.7851239669421488,
      "recall": 0.753968253968254,
      "f1-score": 0.7692307692307693,
      "support": 126.0
    },
    "laughing": {
      "precision": 0.8373983739837398,
      "recall": 0.8174603174603174,
      "f1-score": 0.8273092369477911,
      "support": 126.0
    },
    "listening_to_music": {
      "precision": 0.6691176470588235,
      "recall": 0.7222222222222222,
      "f1-score": 0.6946564885496184,
      "support": 126.0
    },
    "running": {
      "precision": 0.8699186991869918,
      "recall": 0.8492063492063492,
      "f1-score": 0.8594377510040161,
      "support": 126.0
    },
    "sitting": {
      "precision": 0.6143790849673203,
      "recall": 0.746031746031746,
      "f1-score": 0.6738351254480287,
      "support": 126.0
    },
    "sleeping": {
      "precision": 0.8412698412698413,
      "recall": 0.8412698412698413,
      "f1-score": 0.8412698412698413,
      "support": 126.0
    },
    "texting": {
      "precision": 0.6810344827586207,
      "recall": 0.626984126984127,
      "f1-score": 0.6528925619834711,
      "support": 126.0
    },
    "using_laptop": {
      "precision": 0.72,
      "recall": 0.7142857142857143,
      "f1-score": 0.7171314741035857,
      "support": 126.0
    }
  }
}