{
  "top1_acc": 0.8486772486772487,
  "macro_f1": 0.8480993144422594,
  "weighted_f1": 0.8480993144422593,
  "per_class": {
    "calling": {
      "precision": 0.7538461538461538,
      "recall": 0.7777777777777778,
      "f1-score": 0.765625,
      "support": 126.0
    },
    "clapping": {
      "precision": 0.8761061946902655,
      "recall": 0.7857142857142857,
      "f1-score": 0.8284518828451883,
      "support": 126.0
    },
    "cycling": {
      "precision": 0.9609375,
      "recall": 0.9761904761904762,
      "f1-score": 0.968503937007874,
      "support": 126.0
    },
    "dancing": {
      "precision": 0.9,
      "recall": 0.8571428571428571,
      "f1-score": 0.8780487804878049,
      "support": 126.0
    },
    "drinking": {
      "precision": 0.8780487804878049,
      "recall": 0.8571428571428571,
      "f1-score": 0.8674698795180723,
      "support": 126.0
    },
    "eating": {
      "precision": 0.9029850746268657,
      "recall": 0.9603174603174603,
      "f1-score": 0.9307692307692308,
      "support": 126.0
    },
    "fighting": {
      "precision": 0.8285714285714286,
      "recall": 0.9206349206349206,
      "f1-score": 0.8721804511278195,
      "support": 126.0
    },
    "hugging": {
      "precision": 0.8484848484848485,
      "recall": 0.8888888888888888,
      "f1-score": 0.8682170542635659,
      "support": 126.0
    },
    "laughing": {
      "precision": 0.8879310344827587,
      "recall": 0.8174603174603174,
      "f1-score": 0.8512396694214877,
      "support": 126.0
    },
    "listening_to_music": {
      "precision": 0.7936507936507936,
      "recall": 0.7936507936507936,
      "f1-score": 0.7936507936507936,
      "support": 126.0
    },
    "running": {
      "precision": 0.8943089430894309,
      "recall": 0.873015873015873,
      "f1-score": 0.8835341365461847,
      "support": 126.0
    },
    "sitting": {
      "precision": 0.7165354330708661,
      "recall": 0.7222222222222222,
      "f1-score": 0.7193675889328063,
      "support": 126.0
    },
    "sleeping": {
      "precision": 0.8796992481203008,
      "recall": 0.9285714285714286,
      "f1-score": 0.9034749034749034,
      "support": 126.0
    },
    "texting": {
      "precision": 0.8490566037735849,
      "recall": 0.7142857142857143,
      "f1-score": 0.7758620689655172,
      "support": 126.0
    },
    "using_laptop": {
      "precision": 0.7769784172661871,
      "recall": 0.8571428571428571,
      "f1-score": 0.8150943396226416,
      "support": 126.0
    }
  }
}